{
  "providers": {
    "awscloudformation": {
      "AuthRoleName": "amplify-taskmaster2-dev-224051-authRole",
      "UnauthRoleArn": "arn:aws:iam::057930096922:role/amplify-taskmaster2-dev-224051-unauthRole",
      "AuthRoleArn": "arn:aws:iam::057930096922:role/amplify-taskmaster2-dev-224051-authRole",
      "Region": "us-east-1",
      "DeploymentBucketName": "amplify-taskmaster2-dev-224051-deployment",
      "UnauthRoleName": "amplify-taskmaster2-dev-224051-unauthRole",
      "StackName": "amplify-taskmaster2-dev-224051",
      "StackId": "arn:aws:cloudformation:us-east-1:057930096922:stack/amplify-taskmaster2-dev-224051/047f1570-126f-11ec-a25a-12fb6e4d7bd1",
      "AmplifyAppId": "d3dimic675y6ab"
    }
  },
  "api": {
    "taskmaster2": {
      "service": "AppSync",
      "providerPlugin": "awscloudformation",
      "output": {
        "authConfig": {
          "defaultAuthentication": {
            "authenticationType": "API_KEY",
            "apiKeyConfig": {
              "apiKeyExpirationDays": 365,
              "description": "ok"
            }
          },
          "additionalAuthenticationProviders": []
        },
        "GraphQLAPIIdOutput": "tr7b77sakrgyfa66g3flcevxqu",
        "GraphQLAPIEndpointOutput": "https://kzutqthup5cc7pjncjhvnufymy.appsync-api.us-east-1.amazonaws.com/graphql",
        "GraphQLAPIKeyOutput": "da2-2s7zp25olvesjlhyhqnxqei6m4"
      },
      "providerMetadata": {
        "s3TemplateURL": "https://s3.amazonaws.com/amplify-taskmaster2-dev-224051-deployment/amplify-cfn-templates/api/cloudformation-template.json",
        "logicalId": "apitaskmaster2"
      },
      "lastPushTimeStamp": "2021-09-13T07:23:09.616Z",
      "lastPushDirHash": "S2xYHWo8mv317SyWQmi08R89K5w="
    }
  },
  "auth": {
    "taskmaster2abd9fc55": {
      "service": "Cognito",
      "providerPlugin": "awscloudformation",
      "dependsOn": [],
      "customAuth": false,
      "frontendAuthConfig": {
        "loginMechanisms": [
          "EMAIL"
        ],
        "signupAttributes": [
          "EMAIL"
        ],
        "passwordProtectionSettings": {
          "passwordPolicyMinLength": 8,
          "passwordPolicyCharacters": []
        },
        "mfaConfiguration": "OFF",
        "mfaTypes": [
          "SMS"
        ]
      },
      "providerMetadata": {
        "s3TemplateURL": "https://s3.amazonaws.com/amplify-taskmaster2-dev-224051-deployment/amplify-cfn-templates/auth/taskmaster2abd9fc55-cloudformation-template.yml",
        "logicalId": "authtaskmaster2abd9fc55"
      },
      "lastPushTimeStamp": "2021-09-13T07:23:09.616Z",
      "output": {
        "UserPoolId": "us-east-1_sn7F9bEnv",
        "AppClientIDWeb": "7u76d85o072gsa9r0tr8o3jnaq",
        "AppClientID": "7nj44atjf53d5fm9kipftnv7ka",
        "IdentityPoolId": "us-east-1:939b0984-297b-4ba8-ad8d-53547b63ddcc",
        "UserPoolArn": "arn:aws:cognito-idp:us-east-1:057930096922:userpool/us-east-1_sn7F9bEnv",
        "IdentityPoolName": "taskmaster2abd9fc55_identitypool_abd9fc55__dev",
        "UserPoolName": "taskmaster2abd9fc55_userpool_abd9fc55"
      },
      "lastPushDirHash": "sCy0nb+Wb95QDuVzrDSZh/0Qgg8="
    }
  }
}