{
    "UserAgent": "aws-amplify-cli/2.0",
    "Version": "1.0",
    "api": {
        "plugins": {
            "awsAPIPlugin": {
                "taskmaster2": {
                    "endpointType": "GraphQL",
                    "endpoint": "https://kzutqthup5cc7pjncjhvnufymy.appsync-api.us-east-1.amazonaws.com/graphql",
                    "region": "us-east-1",
                    "authorizationType": "API_KEY",
                    "apiKey": "da2-2s7zp25olvesjlhyhqnxqei6m4"
                }
            }
        }
    },
    "auth": {
        "plugins": {
            "awsCognitoAuthPlugin": {
                "UserAgent": "aws-amplify-cli/0.1.0",
                "Version": "0.1.0",
                "IdentityManager": {
                    "Default": {}
                },
                "AppSync": {
                    "Default": {
                        "ApiUrl": "https://kzutqthup5cc7pjncjhvnufymy.appsync-api.us-east-1.amazonaws.com/graphql",
                        "Region": "us-east-1",
                        "AuthMode": "API_KEY",
                        "ApiKey": "da2-2s7zp25olvesjlhyhqnxqei6m4",
                        "ClientDatabasePrefix": "taskmaster2_API_KEY"
                    }
                },
                "CredentialsProvider": {
                    "CognitoIdentity": {
                        "Default": {
                            "PoolId": "us-east-1:939b0984-297b-4ba8-ad8d-53547b63ddcc",
                            "Region": "us-east-1"
                        }
                    }
                },
                "CognitoUserPool": {
                    "Default": {
                        "PoolId": "us-east-1_sn7F9bEnv",
                        "AppClientId": "7nj44atjf53d5fm9kipftnv7ka",
                        "Region": "us-east-1"
                    }
                },
                "Auth": {
                    "Default": {
                        "authenticationFlowType": "USER_SRP_AUTH",
                        "loginMechanisms": [
                            "EMAIL"
                        ],
                        "signupAttributes": [
                            "EMAIL"
                        ],
                        "passwordProtectionSettings": {
                            "passwordPolicyMinLength": 8,
                            "passwordPolicyCharacters": []
                        },
                        "mfaConfiguration": "OFF",
                        "mfaTypes": [
                            "SMS"
                        ]
                    }
                }
            }
        }
    }
}